shoulder_angle,elbow_angle,measured_z_cm,measured_y_px
140,135,91.56,-328
140,137,81.38,-299
140,138,82.93,-265
140,139,79.87,-262
140,140,77.0,-226
140,143,47.96,-181
140,144,47.96,-178
140,146,35.07,0
140,147,42.77,0
140,148,24.990000000000002,0
140,149,34.69,-1
140,150,34.31,-78
140,151,35.87,-83
140,152,53.47,-84
140,153,29.28,0
140,154,37.53,-83
140,155,36.68,-88
140,156,37.1,-78
140,157,38.86,0
140,158,37.96,-32
140,159,36.68,-83
139,126,50.59,-296
139,127,46.12,-260
139,128,49.25,-257
139,129,47.96,-216
139,130,46.12,-219
139,131,47.33,-224
139,132,43.84,-187
139,133,35.47,-27
139,134,46.12,-150
139,135,47.33,38
139,136,47.96,-78
139,137,48.6,-76
139,138,48.6,3
139,139,48.6,116
139,140,48.6,96
139,141,48.6,98
139,142,47.96,175
139,143,47.96,174
139,144,48.6,172
139,145,47.96,174
139,146,47.96,226
139,147,27.009999999999998,-11
139,150,50.59,-201
139,151,51.29,-201
139,153,47.96,209
139,154,47.96,211
139,155,46.12,213
139,156,46.12,213
139,157,46.12,212
139,158,46.12,213
139,159,46.12,211
138,70,46.12,217
138,134,87.93,-300
138,135,86.21,-299
138,136,86.21,-298
138,137,81.38,-265
138,138,79.87,-264
138,139,62.95,-174
138,140,61.03,-204
138,141,37.1,-3
138,142,51.29,-183
138,143,50.59,-184
138,144,47.96,-140
138,145,30.509999999999998,-1
138,146,41.74,-109
138,147,36.27,-76
138,148,28.979999999999997,-76
138,149,36.68,-80
138,150,37.96,-53
138,151,43.84,-44
138,152,33.21,-51
138,153,35.07,-47
138,154,32.5,-43
138,155,33.94,-45
138,157,35.87,-48
138,158,35.47,-46
138,159,23.380000000000003,0
137,134,89.71,-324
137,135,84.54,-290
137,138,78.41,-263
137,139,63.95,-225
137,141,30.83,-1
137,142,29.58,-2
137,143,47.33,-135
137,144,46.12,-124
137,145,44.4,-102
137,147,40.26,-61
137,148,49.25,-63
137,149,41.23,-34
137,150,33.57,-33
137,151,35.47,-26
137,152,31.15,-24
137,153,34.69,-37
137,155,30.83,-22
137,156,30.509999999999998,-30
137,157,33.94,-33
137,158,32.85,-5
137,159,46.12,-34
136,131,166.0,-346
136,134,84.54,-294
136,135,82.93,-288
136,136,77.0,-262
136,137,78.41,-262
136,138,71.76,-228
136,139,53.47,-195
136,140,55.010000000000005,-196
136,141,49.91,-158
136,142,49.91,-164
136,143,50.59,-139
136,144,51.29,-124
136,145,52.0,-124
136,146,51.29,-94
136,147,49.91,-53
136,148,50.59,-50
136,149,49.91,-50
136,150,33.94,-10
136,155,36.27,-5
136,158,34.69,-12
135,131,89.71,-327
135,132,84.54,-325
135,133,78.41,-280
135,134,79.87,-278
135,135,70.55,-240
135,136,74.3,-239
135,137,73.01,-238
135,141,45.54,-147
135,142,46.12,-135
135,143,47.96,-95
135,145,27.560000000000002,-1
135,146,35.47,-62
135,148,34.31,-27
135,149,30.509999999999998,3
135,150,31.82,11
135,151,30.83,11
135,152,32.16,3
135,153,30.83,10
135,154,32.5,9
135,155,28.689999999999998,2
135,156,29.880000000000003,4
135,157,32.5,15
135,158,30.83,8
135,159,30.189999999999998,7
134,130,86.21,-319
134,131,87.93,-322
134,136,73.01,-201
134,138,49.25,-161
134,140,46.72,-129
134,141,39.78,-128
134,142,75.63,31
134,145,49.25,-46
134,146,24.509999999999998,-4
134,147,26.490000000000002,-6
134,150,20.0,33
134,152,22.520000000000003,21
134,154,23.380000000000003,52
134,158,24.509999999999998,46
133,131,75.63,-278
133,137,75.63,-107
133,139,31.479999999999997,-2
133,140,39.78,-116
133,141,37.53,-2
133,142,51.29,-80
133,143,35.87,-74
133,144,41.23,-30
133,145,33.94,-40
133,146,30.189999999999998,-4
133,147,33.57,-3
133,148,19.64,12
133,149,32.16,25
133,150,19.64,25
133,153,68.23,-4
133,155,67.11,-5
133,156,61.97,-4
133,157,68.23,-11
133,158,68.23,-10
133,159,63.95,5
132,139,77.0,-290
132,140,71.76,-249
132,141,70.55,-254
132,142,67.11,-254
132,143,63.95,-204
132,144,68.23,-208
132,145,36.68,-175
132,146,68.23,-151
132,147,68.23,-58
132,148,67.11,-60
132,149,70.55,-10
132,150,33.57,-110
132,152,61.97,-6
132,153,69.37,-13
132,154,35.87,-108
132,155,69.37,-12
132,157,71.76,-11
132,158,61.97,-7
132,159,71.76,-10
131,136,82.93,-321
131,137,79.87,-321
131,138,75.63,-277
131,139,75.63,-275
131,140,71.76,-232
131,141,70.55,-229
131,142,70.55,-230
131,143,68.23,-159
131,144,69.37,-169
131,145,69.37,-169
131,146,70.55,-78
131,147,68.23,-76
131,148,70.55,-7
131,149,70.55,-1
131,150,69.37,65
131,151,69.37,60
131,152,69.37,62
131,153,69.37,61
131,154,69.37,61
131,155,69.37,62
131,156,70.55,62
131,157,69.37,62
131,158,70.55,62
131,159,70.55,62
130,70,39.32,-100
130,135,82.93,-324
130,136,75.63,-275
130,137,77.0,-280
130,138,75.63,-280
130,139,71.76,-220
130,140,70.55,-224
130,141,70.55,-224
130,142,70.55,-163
130,143,68.23,-159
130,144,69.37,-102
130,145,68.23,-106
130,146,69.37,-106
130,147,70.55,-33
130,148,37.1,-111
130,149,70.55,34
130,150,69.37,106
130,151,70.55,100
130,152,69.37,99
130,153,70.55,99
130,154,70.55,100
130,155,70.55,100
130,156,70.55,100
130,157,70.55,100
130,158,70.55,100
130,159,70.55,100
129,70,37.1,-19
129,71,78.41,-320
129,134,79.87,-312
129,135,79.87,-313
129,136,74.3,-270
129,137,75.63,-274
129,138,75.63,-274
129,139,69.37,-239
129,140,67.11,-205
129,141,68.23,-204
129,142,68.23,-202
129,143,69.37,-138
129,144,68.23,-75
129,145,68.23,-81
129,146,36.68,-104
129,147,68.23,-10
129,148,36.27,-99
129,149,69.37,60
129,150,36.68,-33
129,151,69.37,116
129,152,69.37,116
129,153,68.23,116
129,154,68.23,116
129,155,68.23,116
129,156,69.37,116
129,157,68.23,117
129,158,68.23,117
129,159,68.23,117
128,70,36.68,-57
128,134,79.87,-313
128,135,77.0,-281
128,136,75.63,-277
128,137,67.11,-260
128,138,68.23,-242
128,139,68.23,-203
128,140,67.11,-206
128,141,67.11,-154
128,142,67.11,-154
128,143,68.23,-88
128,144,67.11,-78
128,145,67.11,-78
128,146,68.23,19
128,147,67.11,15
128,148,37.1,-45
128,149,68.23,94
128,150,37.96,21
128,151,67.11,153
128,152,67.11,154
128,153,67.11,153
128,154,67.11,154
128,155,67.11,154
128,156,67.11,153
128,157,67.11,154
128,158,67.11,154
128,159,67.11,153
127,70,37.53,-38
127,134,78.41,-301
127,135,70.55,-257
127,136,70.55,-261
127,137,69.37,-260
127,138,67.11,-227
127,139,66.03,-167
127,140,66.03,-168
127,141,67.11,-133
127,142,66.03,-128
127,143,66.03,-124
127,144,67.11,-53
127,145,64.97,-50
127,146,67.11,4
127,147,66.03,82
127,148,67.11,82
127,149,67.11,148
127,150,67.11,140
127,151,66.03,140
127,152,66.03,140
127,153,67.11,141
127,154,66.03,140
127,155,67.11,140
127,156,66.03,140
127,157,67.11,141
127,158,66.03,140
127,159,67.11,141
126,70,67.11,141
126,132,77.0,-304
126,133,77.0,-300
126,134,64.97,-263
126,135,73.01,-265
126,136,66.03,-236
126,137,55.010000000000005,-231
126,138,62.95,-199
126,139,36.27,-179
126,140,35.47,-172
126,141,66.03,-88
126,142,36.68,-149
126,143,36.27,-118
126,144,36.27,-114
126,145,36.27,-72
126,146,61.97,46
126,147,64.97,114
126,148,32.85,8
126,149,61.97,171
126,150,32.5,73
126,151,61.97,178
126,152,64.97,182
126,153,58.31999999999999,175
126,154,34.69,72
126,155,53.47,184
126,156,57.459999999999994,183
126,157,33.21,84
126,158,63.95,181
126,159,34.31,77
125,131,69.37,-316
125,132,59.2,-279
125,133,63.95,-280
125,134,67.11,-252
125,135,61.97,-231
125,136,58.31999999999999,-227
125,137,61.03,-192
125,138,36.68,-185
125,139,64.97,-169
125,140,35.87,-143
125,141,66.03,-79
125,142,35.07,-136
125,143,31.479999999999997,-98
125,144,63.95,13
125,145,66.03,66
125,146,34.69,-46
125,147,61.97,136
125,148,32.85,43
125,149,64.97,197
125,150,35.07,88
125,151,64.97,199
125,152,64.97,205
125,153,66.03,198
125,154,34.69,92
125,155,62.95,199
125,156,59.2,204
125,157,63.95,198
125,158,61.03,201
125,159,61.97,196
124,130,79.87,-319
124,131,79.87,-318
124,133,71.76,-269
124,134,67.11,-239
124,135,55.010000000000005,-236
124,136,63.95,-191
124,137,55.010000000000005,-185
124,138,66.03,-194
124,139,35.47,-137
124,140,64.97,-74
124,141,29.880000000000003,-137
124,142,33.94,-97
124,143,62.95,16
124,144,34.31,-52
124,145,34.69,-16
124,146,33.57,-15
124,147,61.03,168
124,148,35.07,64
124,149,63.95,215
124,150,58.31999999999999,218
124,152,62.95,216
124,153,34.31,105
124,154,63.95,217
124,155,64.97,214
124,156,52.730000000000004,220
124,157,32.16,107
124,158,33.21,105
124,159,32.85,100
123,129,78.41,-327
123,130,71.76,-289
123,131,73.01,-286
123,132,67.11,-251
123,134,64.97,-218
123,135,56.629999999999995,-214
123,136,56.629999999999995,-172
123,137,36.27,-181
123,138,35.07,-148
123,139,30.509999999999998,-147
123,140,64.97,-23
123,141,62.95,-15
123,142,33.57,-110
123,143,62.95,81
123,144,62.95,77
123,145,32.85,27
123,146,63.95,135
123,147,62.95,208
123,148,33.57,94
123,149,61.97,234
123,150,61.03,236
123,151,62.95,234
123,152,61.03,235
123,153,29.58,123
123,154,64.97,233
123,155,29.28,120
123,156,56.629999999999995,235
123,158,64.97,236
123,159,63.95,236
122,130,70.55,-283
122,131,73.01,-284
122,132,66.03,-238
122,133,63.95,-237
122,134,64.97,-206
122,135,64.97,-202
122,136,35.87,-169
122,137,35.87,-168
122,138,28.11,-134
122,139,35.07,-133
122,140,63.95,21
122,141,33.21,-91
122,142,61.03,18
122,143,31.82,3
122,144,32.85,5
122,145,64.97,176
122,146,62.95,180
122,148,63.95,229
122,149,63.95,251
122,151,61.03,255
122,152,59.2,252
122,153,63.95,252
122,154,29.880000000000003,138
122,155,64.97,252
122,156,30.189999999999998,138
122,157,32.85,135
122,158,33.21,135
122,159,30.83,138
121,127,123.62,-334
121,128,71.76,-294
121,129,59.2,-255
121,130,61.03,-252
121,131,68.23,-255
121,132,59.2,-207
121,133,64.97,-210
121,134,35.47,-171
121,135,35.87,-173
121,136,35.07,-138
121,137,35.07,-125
121,138,33.57,-110
121,139,33.21,-109
121,140,35.07,-108
121,141,64.97,66
121,142,34.31,15
121,143,33.57,12
121,144,36.27,36
121,145,33.94,77
121,146,34.69,107
121,147,62.95,227
121,148,28.11,115
121,150,123.62,-111
121,151,69.37,296
121,152,31.479999999999997,185
121,153,66.03,293
121,154,32.85,185
121,155,67.11,296
121,156,28.979999999999997,183
121,157,64.97,293
121,158,30.83,184
121,159,66.03,298
120,126,73.01,-301
120,127,71.76,-301
120,128,68.23,-274
120,129,69.37,-272
120,130,62.95,-235
120,131,62.95,-229
120,132,64.97,-202
120,133,61.97,-200
120,134,35.47,-171
120,135,34.69,-164
120,136,35.07,-132
120,137,34.69,-130
120,138,62.95,10
120,139,55.81,18
120,140,62.95,79
120,141,32.16,-28
120,142,62.95,144
120,143,64.97,147
120,144,62.95,209
120,145,62.95,207
120,146,28.11,122
120,148,64.97,276
120,149,31.82,170
120,151,67.11,299
120,152,68.23,300
120,153,61.03,302
120,154,68.23,300
120,158,30.509999999999998,188
120,159,68.23,300
119,125,77.0,-315
119,126,71.76,-287
119,127,70.55,-285
119,128,68.23,-258
119,129,66.03,-254
119,130,64.97,-221
119,131,52.0,-201
119,132,62.95,-199
119,133,35.07,-170
119,134,33.94,-166
119,135,35.07,-130
119,136,35.47,-131
119,137,35.47,-132
119,138,35.07,-131
119,139,32.85,-80
119,140,34.31,-20
119,141,33.94,-5
119,142,33.94,59
119,143,62.95,192
119,144,56.629999999999995,191
119,145,62.95,231
119,146,60.099999999999994,236
119,147,31.479999999999997,153
119,150,29.880000000000003,184
119,151,63.95,296
119,152,68.23,298
119,154,66.03,299
119,156,67.11,296
119,157,67.11,297
119,158,67.11,297
119,159,68.23,299
118,70,68.23,297
118,124,93.48,-330
118,125,71.76,-283
118,126,73.01,-286
118,127,73.01,-288
118,128,64.97,-241
118,129,64.97,-242
118,130,63.95,-203
118,131,63.95,-198
118,132,63.95,-199
118,133,35.07,-155
118,134,63.95,-100
118,135,36.68,-145
118,136,33.57,-117
118,137,33.21,-115
118,138,34.69,-67
118,139,63.95,73
118,140,63.95,151
118,141,64.97,143
118,142,61.97,145
118,143,28.979999999999997,101
118,144,62.95,220
118,145,34.31,128
118,146,62.95,254
118,148,66.03,283
118,149,66.03,286
118,150,70.55,314
118,151,32.85,198
118,152,69.37,313
118,154,33.21,199
118,156,70.55,311
118,157,32.5,195
118,158,70.55,310
117,70,35.07,69
117,125,62.95,-282
117,126,67.11,-256
117,127,61.03,-253
117,128,62.95,-232
117,129,59.2,-227
117,130,35.07,-182
117,131,63.95,-173
117,132,63.95,-95
117,133,64.97,-97
117,134,62.95,-35
117,135,63.95,-32
117,136,33.57,-116
117,137,33.57,-69
117,138,62.95,44
117,139,32.85,42
117,140,62.95,152
117,141,61.03,159
117,142,61.97,220
117,143,30.189999999999998,107
117,144,27.28,134
117,145,62.95,254
117,149,70.55,318
116,122,82.93,-326
116,123,75.63,-292
116,124,70.55,-272
116,125,70.55,-272
116,126,68.23,-251
116,127,67.11,-242
116,128,67.11,-243
116,129,64.97,-217
116,130,64.97,-187
116,131,62.95,-154
116,132,66.03,-98
116,133,34.69,-144
116,134,55.81,-10
116,135,62.95,-15
116,136,33.94,-109
116,137,32.85,-31
116,138,63.95,106
116,139,63.95,111
116,140,32.16,53
116,141,33.21,90
116,142,61.97,211
116,143,32.16,128
116,144,61.97,242
116,145,30.189999999999998,164
116,148,70.55,306
115,122,70.55,-282
115,123,64.97,-266
115,124,67.11,-262
115,125,63.95,-236
115,126,64.97,-241
115,127,62.95,-205
115,128,62.95,-203
115,129,57.459999999999994,-146
115,130,35.87,-173
115,131,55.010000000000005,-75
115,132,62.95,-77
115,133,32.5,-107
115,134,32.85,-107
115,135,33.94,-107
115,136,32.85,-56
115,137,32.5,2
115,138,32.16,8
115,139,33.21,81
115,140,61.97,208
115,141,32.16,92
115,143,30.509999999999998,132
115,144,61.97,252
115,145,62.95,276
115,146,66.03,318
114,121,71.76,-292
114,122,73.01,-291
114,124,64.97,-244
114,125,63.95,-243
114,126,64.97,-226
114,127,58.31999999999999,-204
114,128,35.47,-170
114,129,61.03,-105
114,130,61.03,-103
114,131,59.2,-42
114,132,63.95,-43
114,133,32.85,-97
114,134,61.97,24
114,135,61.97,101
114,136,31.82,-4
114,137,58.31999999999999,165
114,138,61.97,175
114,139,32.5,105
114,140,24.509999999999998,117
114,141,25.97,115
114,142,61.03,233
114,143,32.5,156
114,144,64.97,291
114,145,63.95,295
114,152,32.85,276
114,154,32.85,278
114,155,34.31,276
114,156,32.85,276
114,157,32.85,278
114,158,32.85,277
114,159,33.21,277
113,70,33.21,248
113,71,75.63,-282
113,119,70.55,-318
113,120,70.55,-280
113,121,71.76,-288
113,122,66.03,-245
113,123,61.97,-233
113,124,61.97,-231
113,125,62.95,-209
113,126,62.95,-209
113,127,62.95,-208
113,128,63.95,-113
113,129,63.95,-119
113,130,62.95,-43
113,131,33.94,-115
113,132,62.95,-31
113,133,32.16,-68
113,134,61.97,56
113,135,61.97,133
113,136,61.03,128
113,137,61.97,128
113,138,34.31,57
113,139,60.099999999999994,225
113,140,61.03,230
113,141,33.21,139
113,142,61.97,256
113,143,61.97,256
113,144,64.97,295
113,145,66.03,295
113,146,32.16,210
113,147,32.5,239
113,151,32.85,270
113,152,32.85,270
113,153,32.85,270
113,154,32.85,270
113,155,32.85,270
113,156,32.85,270
113,157,32.5,270
113,158,32.85,270
113,159,32.85,270
112,70,33.57,241
112,71,66.03,-128
112,119,73.01,-301
112,120,68.23,-267
112,121,68.23,-271
112,122,67.11,-256
112,123,63.95,-236
112,124,63.95,-221
112,125,61.97,-204
112,126,61.97,-201
112,127,35.07,-174
112,128,61.97,-98
112,129,61.97,-99
112,130,32.5,-106
112,131,57.459999999999994,-3
112,132,59.2,3
112,133,31.82,-37
112,134,32.16,-37
112,135,61.03,154
112,136,61.97,165
112,137,61.97,212
112,138,59.2,225
112,139,60.099999999999994,224
112,140,31.82,145
112,141,31.479999999999997,148
112,142,30.83,147
112,143,32.16,197
112,148,31.479999999999997,262
112,149,33.57,289
112,150,33.21,287
112,152,32.85,286
112,153,33.21,285
112,154,32.85,286
112,155,33.21,285
112,156,32.85,286
112,158,32.85,286
112,159,32.85,286
111,70,34.31,254
111,124,74.3,-308
111,125,74.3,-309
111,126,67.11,-267
111,127,68.23,-269
111,128,68.23,-268
111,129,61.97,-225
111,130,62.95,-222
111,131,61.03,-189
111,132,61.03,-182
111,133,61.97,-118
111,134,61.97,-117
111,135,62.95,-84
111,136,61.97,-43
111,137,61.97,-43
111,138,61.97,59
111,139,61.97,46
111,140,61.97,47
111,141,61.97,129
111,142,61.97,133
111,143,61.97,167
111,144,61.97,209
111,145,59.2,237
111,146,60.099999999999994,236
111,147,62.95,277
111,148,63.95,277
111,150,67.11,300
111,151,67.11,300
111,152,66.03,299
111,153,66.03,299
111,154,66.03,300
111,155,66.03,300
111,156,67.11,300
111,157,67.11,300
111,158,66.03,299
111,159,66.03,300
110,70,23.82,52
110,124,69.37,-283
110,125,67.11,-279
110,126,56.629999999999995,-253
110,127,63.95,-253
110,128,61.03,-222
110,129,61.97,-223
110,130,59.2,-174
110,131,61.97,-178
110,132,60.099999999999994,-99
110,133,59.2,-85
110,134,56.629999999999995,-77
110,135,61.03,4
110,136,61.03,8
110,137,61.97,8
110,138,61.97,90
110,139,61.97,134
110,140,55.81,141
110,141,59.2,182
110,142,61.03,215
110,143,52.730000000000004,214
110,144,61.03,239
110,145,60.099999999999994,241
110,146,62.95,274
109,122,126.93,-333
109,123,68.23,-284
109,124,67.11,-285
109,125,66.03,-258
109,126,67.11,-261
109,127,66.03,-260
109,128,63.95,-231
109,129,62.95,-229
109,130,59.2,-190
109,131,61.03,-156
109,132,59.2,-131
109,133,61.97,-90
109,134,60.099999999999994,-56
109,135,61.97,12
109,136,61.03,24
109,137,61.03,24
109,138,61.03,112
109,139,61.03,115
109,140,61.03,191
109,141,61.03,190
109,142,61.03,195
109,143,61.03,230
109,144,60.099999999999994,236
109,145,61.03,240
109,146,62.95,269
109,147,67.11,299
109,148,67.11,302
109,149,67.11,303
109,150,71.76,330
109,151,73.01,331
109,152,71.76,331
109,153,71.76,331
109,154,71.76,331
109,155,73.01,331
109,156,71.76,331
109,157,71.76,331
109,158,73.01,331
109,159,71.76,331
108,70,73.01,331
108,71,75.63,-294
108,123,67.11,-269
108,124,66.03,-271
108,125,63.95,-245
108,126,62.95,-230
108,127,62.95,-226
108,128,59.2,-199
108,129,58.31999999999999,-199
108,130,61.03,-122
108,131,59.2,-99
108,132,58.31999999999999,-98
108,133,59.2,-65
108,134,59.2,-63
108,135,59.2,18
108,136,60.099999999999994,97
108,137,59.2,86
108,138,59.2,86
108,139,59.2,199
108,140,59.2,199
108,141,59.2,200
108,142,59.2,241
108,143,59.2,241
108,144,59.2,241
108,145,64.97,282
108,146,64.97,282
108,147,68.23,322
107,131,62.95,-282
107,132,61.97,-281
107,133,61.03,-259
107,134,57.459999999999994,-225
107,135,56.629999999999995,-225
107,136,55.010000000000005,-193
107,137,55.81,-195
107,138,55.81,-174
107,139,55.81,-139
107,140,55.81,-55
107,141,55.81,-62
107,142,55.81,-63
107,143,55.81,43
107,144,55.81,37
107,145,55.81,92
107,146,55.81,93
107,147,55.010000000000005,168
107,148,55.81,165
107,149,55.010000000000005,200
107,150,54.230000000000004,201
107,151,54.230000000000004,200
107,152,55.010000000000005,201
107,153,54.230000000000004,201
107,154,54.230000000000004,201
107,155,55.010000000000005,201
107,156,54.230000000000004,201
107,157,54.230000000000004,201
107,158,55.010000000000005,201
107,159,54.230000000000004,201
106,70,55.010000000000005,185
106,119,104.24,-330
106,120,70.55,-293
106,121,68.23,-286
106,122,62.95,-282
106,123,63.95,-237
106,124,58.31999999999999,-224
106,125,66.03,-228
106,126,68.23,-185
106,127,68.23,-195
106,128,68.23,-132
106,129,69.37,-134
106,130,66.03,-64
106,131,67.11,-52
106,132,68.23,8
106,134,55.81,-217
106,135,55.81,-214
106,136,53.47,-175
106,137,53.47,-168
106,138,52.0,-168
106,139,55.010000000000005,-70
106,140,44.4,-70
106,141,53.47,-31
106,142,52.730000000000004,-23
106,143,56.629999999999995,-24
106,144,54.230000000000004,49
106,145,55.010000000000005,113
106,146,53.47,110
106,147,52.0,181
106,148,54.230000000000004,180
106,149,53.47,205
106,150,45.54,209
106,151,55.81,210
106,152,52.0,203
106,153,55.81,210
106,154,51.29,203
106,156,52.0,205
106,157,52.730000000000004,207
106,158,55.010000000000005,210
106,159,52.0,206
105,128,64.97,-318
105,129,55.81,-280
105,131,58.31999999999999,-248
105,132,59.2,-252
105,133,55.010000000000005,-214
105,134,55.010000000000005,-216
105,135,51.29,-175
105,136,53.47,-177
105,137,55.81,-112
105,138,55.010000000000005,-112
105,139,55.81,-42
105,140,55.81,-41
105,141,55.81,13
105,142,55.010000000000005,6
105,143,54.230000000000004,83
105,144,44.96,79
105,145,55.010000000000005,142
105,146,48.6,147
105,147,50.59,193
105,148,55.81,196
105,149,50.59,219
105,150,49.91,227
105,151,53.47,222
105,152,49.91,220
105,153,39.32,228
105,154,49.91,217
105,155,45.54,227
105,156,49.91,220
105,159,53.47,223
104,131,58.31999999999999,-254
104,132,58.31999999999999,-251
104,133,55.010000000000005,-219
104,134,55.81,-194
104,135,46.12,-194
104,136,49.25,-155
104,137,42.77,-147
104,138,54.230000000000004,-87
104,139,54.230000000000004,-31
104,140,54.230000000000004,-38
104,141,52.0,13
104,142,54.230000000000004,8
104,143,57.459999999999994,90
104,144,52.0,83
104,145,53.47,151
104,146,54.230000000000004,145
104,147,55.010000000000005,197
104,148,55.81,200
104,151,53.47,227
104,153,54.230000000000004,225
104,154,55.010000000000005,229
104,155,55.010000000000005,228
104,156,51.29,227
104,157,55.010000000000005,228
104,159,49.91,229
103,130,59.2,-270
103,132,57.459999999999994,-228
103,133,56.629999999999995,-222
103,134,54.230000000000004,-184
103,135,52.0,-182
103,137,55.81,-118
103,138,54.230000000000004,-126
103,140,54.230000000000004,8
103,141,55.81,13
103,142,44.4,81
103,143,53.47,77
103,144,53.47,140
103,145,38.86,139
103,146,47.33,182
103,147,49.91,193
103,148,45.54,224
103,149,51.29,226
103,152,43.84,252
103,155,55.010000000000005,250
103,157,48.6,254
103,158,51.29,246
103,159,49.25,252
102,128,59.2,-271
102,130,54.230000000000004,-233
102,131,57.459999999999994,-236
102,132,45.54,-201
102,133,53.47,-187
102,134,55.010000000000005,-191
102,135,45.54,-106
102,136,52.0,-111
102,137,49.91,-107
102,138,54.230000000000004,-19
102,139,54.230000000000004,-22
102,140,51.29,54
102,141,47.96,61
102,142,55.81,62
102,143,52.0,142
102,144,49.25,153
102,145,51.29,192
102,146,52.0,194
102,147,55.010000000000005,229
102,151,53.47,251
102,152,57.459999999999994,257
102,155,56.629999999999995,256
102,156,51.29,251
102,157,51.29,257
102,158,52.0,251
102,159,56.629999999999995,258
101,126,61.03,-286
101,127,58.31999999999999,-282
101,128,49.91,-250
101,129,56.629999999999995,-242
101,130,56.629999999999995,-216
101,131,55.81,-215
101,132,52.0,-184
101,133,53.47,-182
101,134,55.81,-130
101,135,43.84,-125
101,136,54.230000000000004,-58
101,137,55.010000000000005,-53
101,138,53.47,9
101,139,54.230000000000004,17
101,140,54.230000000000004,84
101,141,51.29,100
101,142,51.29,91
101,143,46.12,177
101,144,53.47,178
101,145,51.29,204
101,146,44.96,208
101,148,52.730000000000004,244
101,151,52.730000000000004,268
101,152,18.96,223
101,153,51.29,264
101,158,44.4,275
101,159,46.72,265
100,124,57.459999999999994,-310
100,125,59.2,-286
100,127,58.31999999999999,-252
100,128,56.629999999999995,-250
100,130,55.010000000000005,-215
100,131,43.3,-184
100,132,53.47,-169
100,133,52.730000000000004,-162
100,134,53.47,-98
100,135,44.96,-89
100,136,53.47,-20
100,137,52.0,-12
100,138,53.47,47
100,139,50.59,57
100,140,53.47,118
100,141,42.77,124
100,143,48.6,179
100,144,49.91,212
100,145,50.59,206
100,146,54.230000000000004,248
100,147,48.6,242
100,148,22.939999999999998,230
100,149,55.010000000000005,273
100,154,23.159999999999997,262
100,159,60.099999999999994,307
99,70,22.520000000000003,198
99,129,54.230000000000004,-234
99,131,55.010000000000005,-199
99,133,40.26,-152
99,134,54.230000000000004,-92
99,135,53.47,-99
99,136,52.0,-13
99,137,51.29,-13
99,138,47.33,-7
99,139,51.29,92
99,141,49.25,146
99,142,49.25,139
99,143,52.730000000000004,194
99,144,53.47,195
99,147,53.47,256
99,150,44.96,268
99,152,58.31999999999999,289
99,154,21.9,243
99,155,46.12,268
99,157,58.31999999999999,290
99,158,59.2,289
99,159,58.31999999999999,290
98,125,58.31999999999999,-265
98,126,55.81,-237
98,127,57.459999999999994,-240
98,128,51.29,-201
98,129,54.230000000000004,-205
98,130,43.3,-170
98,131,48.6,-173
98,132,43.84,-99
98,133,53.47,-104
98,135,46.72,-23
98,136,53.47,42
98,137,53.47,40
98,138,55.81,50
98,139,49.91,147
98,140,42.77,154
98,141,52.730000000000004,178
98,142,39.78,182
98,143,50.59,217
98,144,49.91,222
98,145,54.230000000000004,254
98,146,54.230000000000004,252
98,147,57.459999999999994,292
98,148,22.310000000000002,245
98,152,47.96,289
97,70,20.549999999999997,210
97,124,58.31999999999999,-262
97,125,58.31999999999999,-263
97,126,55.81,-240
97,128,55.010000000000005,-221
97,129,49.25,-182
97,130,53.47,-185
97,131,40.26,-138
97,132,52.0,-143
97,134,50.59,-64
97,136,53.47,11
97,137,51.29,77
97,138,41.23,91
97,139,52.0,163
97,140,44.96,168
97,141,48.6,184
97,142,49.91,180
97,143,54.230000000000004,225
97,144,50.59,220
97,145,56.629999999999995,256
97,146,45.54,251
97,147,56.629999999999995,290
97,154,52.0,300
96,121,58.31999999999999,-298
96,122,59.2,-292
96,123,57.459999999999994,-254
96,124,56.629999999999995,-235
96,125,55.010000000000005,-236
96,126,55.010000000000005,-209
96,129,51.29,-185
96,130,47.96,-107
96,131,53.47,-79
96,132,51.29,-73
96,133,51.29,-13
96,134,44.4,-5
96,135,52.730000000000004,73
96,136,54.230000000000004,79
96,137,50.59,69
96,138,38.86,167
96,139,55.010000000000005,171
96,140,48.6,203
96,141,50.59,207
96,142,48.6,210
96,143,49.25,247
96,144,50.59,250
96,146,57.459999999999994,284
96,147,21.700000000000003,234
96,148,48.6,291
95,123,55.010000000000005,-248
95,124,55.81,-244
95,125,55.010000000000005,-247
95,126,47.33,-208
95,127,54.230000000000004,-189
95,128,47.96,-194
95,129,41.23,-135
95,130,48.6,-147
95,132,54.230000000000004,-76
95,133,51.29,-7
95,134,54.230000000000004,1
95,135,49.91,70
95,136,48.6,74
95,137,53.47,146
95,138,48.6,143
95,141,49.91,208
95,142,47.96,212
95,143,52.730000000000004,252
95,144,52.0,250
95,145,20.92,231
95,146,52.0,279
95,147,48.6,292
94,122,55.010000000000005,-232
94,123,55.010000000000005,-236
94,124,52.0,-199
94,125,52.730000000000004,-199
94,126,49.25,-173
94,127,45.54,-169
94,128,51.29,-117
94,129,46.12,-111
94,130,52.0,-42
94,131,51.29,-39
94,132,49.91,33
94,133,47.33,31
94,134,54.230000000000004,103
94,135,47.96,95
94,136,41.74,174
94,137,48.6,174
94,138,49.25,167
94,141,50.59,244
94,142,52.0,242
94,143,56.629999999999995,286
93,71,42.77,95
93,121,57.459999999999994,-283
93,125,54.230000000000004,-199
93,126,54.230000000000004,-194
93,127,52.730000000000004,-141
93,128,46.12,-133
93,129,53.47,-67
93,130,51.29,-66
93,131,50.59,0
93,132,52.0,0
93,133,53.47,0
93,134,53.47,73
93,135,53.47,87
93,136,53.47,140
93,137,52.730000000000004,172
93,138,52.730000000000004,186
93,139,52.0,198
93,140,52.0,228
93,141,53.47,229
93,142,53.47,246
93,144,56.629999999999995,283
93,145,21.509999999999998,268
92,119,55.010000000000005,-256
92,120,55.81,-256
92,121,54.230000000000004,-226
92,122,54.230000000000004,-224
92,123,51.29,-184
92,124,52.0,-171
92,125,52.730000000000004,-171
92,126,52.730000000000004,-171
92,127,52.0,-108
92,128,52.730000000000004,-107
92,129,52.0,-9
92,130,52.0,-15
92,131,52.0,-16
92,132,51.29,54
92,133,51.29,128
92,134,51.29,127
92,135,51.29,184
92,136,52.0,182
92,137,52.0,182
92,138,51.29,227
92,139,51.29,228
92,140,51.29,228
92,141,55.010000000000005,268
92,142,55.010000000000005,268
92,143,21.700000000000003,269
91,117,59.2,-298
91,118,59.2,-299
91,119,56.629999999999995,-267
91,120,56.629999999999995,-266
91,121,52.730000000000004,-218
91,122,53.47,-219
91,123,53.47,-175
91,124,52.0,-175
91,125,52.730000000000004,-144
91,126,53.47,-142
91,127,53.47,-102
91,128,53.47,-102
91,129,52.0,-5
91,130,53.47,-5
91,131,53.47,50
91,132,52.0,67
91,133,52.0,66
91,134,52.0,136
91,135,52.0,156
91,136,52.0,188
91,137,52.0,188
91,138,52.730000000000004,236
91,139,52.730000000000004,236
91,140,55.010000000000005,271
91,141,54.230000000000004,269
91,142,55.010000000000005,272
90,118,55.010000000000005,-264
90,119,56.629999999999995,-259
90,120,55.81,-260
90,121,54.230000000000004,-218
90,122,54.230000000000004,-219
90,123,54.230000000000004,-218
90,124,52.0,-176
90,125,52.0,-142
90,126,52.730000000000004,-134
90,127,52.730000000000004,-101
90,128,52.730000000000004,-102
90,129,52.0,9
90,130,52.0,4
90,131,52.0,10
90,132,52.0,100
90,133,51.29,103
90,134,51.29,173
90,135,52.0,170
90,136,52.0,171
90,137,52.0,198
90,138,51.29,219
90,139,55.010000000000005,265
90,140,55.010000000000005,265
90,141,55.010000000000005,266
90,142,57.459999999999994,305
89,71,39.78,214
89,117,55.81,-274
89,118,53.47,-237
89,119,54.230000000000004,-235
89,120,52.0,-201
89,121,51.29,-188
89,122,52.0,-185
89,123,49.25,-129
89,124,49.25,-118
89,125,51.29,-111
89,126,51.29,-35
89,127,49.91,-37
89,128,50.59,-31
89,129,51.29,69
89,130,49.91,74
89,131,47.33,129
89,132,49.91,138
89,133,48.6,178
89,134,41.74,183
89,135,49.25,220
89,136,50.59,223
89,137,52.730000000000004,258
89,138,47.96,258
89,140,55.81,288
89,141,21.700000000000003,260
88,115,55.81,-280
88,116,55.010000000000005,-249
88,117,54.230000000000004,-252
88,118,55.010000000000005,-253
88,119,53.47,-223
88,120,51.29,-185
88,121,51.29,-185
88,122,51.29,-185
88,123,50.59,-111
88,124,48.6,-110
88,125,45.54,-54
88,126,52.0,-4
88,127,50.59,-9
88,128,49.91,-4
88,129,47.33,96
88,130,45.54,111
88,131,47.96,104
88,132,47.96,174
88,133,47.96,172
88,134,47.33,209
88,135,50.59,233
88,136,50.59,235
88,138,51.29,260
88,143,22.310000000000002,281
87,115,52.0,-244
87,116,54.230000000000004,-238
87,117,54.230000000000004,-238
87,118,52.730000000000004,-215
87,119,52.0,-204
87,120,52.0,-204
87,121,50.59,-168
87,122,50.59,-129
87,123,50.59,-101
87,124,50.59,-61
87,125,50.59,-30
87,126,50.59,-30
87,127,50.59,43
87,128,50.59,68
87,129,50.59,76
87,130,49.25,161
87,131,49.25,161
87,132,49.25,161
87,133,49.91,193
87,134,50.59,227
87,135,50.59,227
87,136,52.730000000000004,266
87,137,55.81,284
87,138,20.18,228
87,139,20.740000000000002,276
86,113,55.81,-278
86,114,51.29,-241
86,115,52.0,-242
86,116,53.47,-216
86,117,52.0,-198
86,118,49.91,-196
86,119,50.59,-168
86,120,48.6,-145
86,121,49.91,-112
86,122,49.25,-111
86,123,50.59,-24
86,124,43.3,3
86,125,50.59,0
86,126,38.86,54
86,127,46.12,81
86,128,47.96,86
86,129,49.25,160
86,130,50.59,161
86,131,47.33,194
86,132,48.6,193
86,133,49.91,212
86,134,49.91,245
86,135,46.12,249
86,138,20.549999999999997,245
85,113,52.0,-246
85,114,52.0,-242
85,116,52.0,-212
85,117,49.91,-183
85,118,47.33,-184
85,119,49.91,-139
85,120,47.33,-135
85,121,50.59,-135
85,122,49.25,-32
85,123,49.25,-32
85,124,49.25,-24
85,125,49.25,39
85,126,49.25,40
85,127,48.6,124
85,128,49.25,124
85,129,49.25,126
85,130,48.6,179
85,131,48.6,179
85,132,49.91,229
85,133,49.91,230
85,134,49.25,230
85,135,53.47,268
85,136,19.82,235
85,137,25.97,294
84,111,53.47,-285
84,112,55.81,-285
84,113,53.47,-241
84,114,52.730000000000004,-234
84,115,53.47,-235
84,116,51.29,-196
84,117,51.29,-197
84,118,51.29,-197
84,119,49.91,-151
84,120,49.91,-101
84,121,49.91,-88
84,122,50.59,-76
84,123,49.91,-20
84,124,50.59,-18
84,125,49.25,59
84,126,49.91,60
84,127,48.6,117
84,128,48.6,118
84,129,49.25,185
84,130,49.25,185
84,131,49.25,215
84,132,49.25,215
84,133,18.62,180
84,134,52.0,267
84,135,52.730000000000004,267
84,136,19.64,252
83,111,53.47,-249
83,112,52.0,-248
83,113,50.59,-213
83,114,52.730000000000004,-214
83,115,49.91,-176
83,116,49.91,-178
83,117,50.59,-179
83,118,50.59,-115
83,119,48.6,-96
83,120,49.91,-98
83,121,49.91,-11
83,122,49.25,-15
83,123,49.91,0
83,124,49.25,69
83,125,49.25,110
83,126,49.25,111
83,127,49.25,169
83,128,48.6,170
83,129,48.6,170
83,130,48.6,204
83,131,48.6,204
83,132,49.91,236
83,133,50.59,236
83,134,53.47,276
83,135,19.64,260
82,111,53.47,-253
82,112,50.59,-217
82,113,52.0,-223
82,115,49.91,-182
82,116,49.25,-154
82,117,49.25,-157
82,118,49.25,-91
82,119,49.25,-94
82,120,49.91,-94
82,121,49.91,-31
82,122,49.25,45
82,123,49.25,44
82,124,49.25,44
82,125,49.25,121
82,126,48.6,122
82,127,49.25,167
82,128,49.25,167
82,129,49.91,217
82,130,49.91,219
82,131,49.91,219
82,132,18.62,211
82,133,54.230000000000004,270
82,134,19.64,247
81,109,53.47,-252
81,110,53.47,-256
81,111,52.0,-240
81,112,51.29,-204
81,113,50.59,-194
81,114,51.29,-189
81,115,51.29,-188
81,116,50.59,-150
81,117,50.59,-150
81,118,49.25,-62
81,119,49.91,-53
81,120,49.91,-11
81,121,49.25,-8
81,122,49.25,22
81,123,48.6,70
81,124,48.6,142
81,125,48.6,148
81,126,48.6,148
81,127,47.96,179
81,128,47.96,180
81,129,47.96,204
81,130,18.3,166
81,131,50.59,247
81,132,50.59,247
81,133,53.47,280
81,134,54.230000000000004,280
80,108,52.0,-257
80,109,52.730000000000004,-256
80,110,52.0,-244
80,111,51.29,-219
80,112,49.91,-179
80,113,49.25,-168
80,114,49.25,-168
80,115,49.25,-106
80,116,49.25,-105
80,117,49.25,-105
80,118,48.6,-24
80,119,49.25,-20
80,120,49.25,-20
80,121,48.6,76
80,122,48.6,77
80,123,48.6,78
80,124,47.96,156
80,125,48.6,168
80,126,47.96,179
80,127,48.6,209
80,128,47.96,210
80,129,47.96,211
80,130,51.29,252
80,131,51.29,252
80,132,54.230000000000004,279
80,133,54.230000000000004,279
79,106,52.730000000000004,-290
79,107,52.0,-248
79,108,53.47,-247
79,109,52.0,-226
79,110,52.0,-225
79,111,50.59,-185
79,112,50.59,-188
79,113,49.91,-152
79,114,49.91,-153
79,115,49.25,-101
79,116,49.91,-90
79,117,49.91,-38
79,118,49.91,-27
79,119,49.91,34
79,120,49.91,33
79,121,49.25,96
79,122,49.25,96
79,123,49.25,97
79,124,48.6,163
79,125,48.6,191
79,126,47.96,193
79,127,48.6,193
79,128,49.25,234
79,129,49.25,235
79,130,53.47,276
79,131,52.730000000000004,277
79,132,52.730000000000004,278
78,108,51.29,-234
78,109,52.0,-233
78,110,49.91,-191
78,111,49.91,-191
78,112,49.91,-191
78,113,49.25,-141
78,114,48.6,-142
78,115,49.25,-60
78,116,49.25,-57
78,117,49.25,-57
78,118,49.25,22
78,119,49.25,24
78,120,49.25,24
78,121,48.6,101
78,122,49.25,102
78,123,47.96,177
78,124,47.96,177
78,125,48.6,177
78,126,47.33,203
78,127,49.25,235
78,128,49.91,235
78,129,49.91,256
78,130,53.47,277
78,131,52.730000000000004,277
77,104,54.230000000000004,-289
77,105,52.0,-260
77,106,51.29,-247
77,107,51.29,-232
77,108,52.0,-232
77,109,51.29,-231
77,110,49.91,-183
77,111,49.91,-185
77,112,48.6,-157
77,113,49.25,-154
77,114,49.25,-75
77,115,49.25,-74
77,116,49.25,-22
77,117,49.25,-25
77,118,48.6,43
77,119,48.6,41
77,120,48.6,41
77,121,48.6,111
77,122,48.6,110
77,123,48.6,110
77,124,48.6,166
77,125,48.6,166
77,126,48.6,203
77,127,48.6,203
77,128,49.91,231
77,129,52.0,261
77,130,52.0,261
77,132,20.0,269
